<?xml version="1.0" encoding="UTF-8"?>
<!DOCTYPE us-patent-application SYSTEM "us-patent-application-v46-2022-02-17.dtd" [ ]>
<us-patent-application lang="EN" dtd-version="v4.6 2022-02-17" file="US20250204297A1-20250626.XML" status="PRODUCTION" id="us-patent-application" country="US" date-produced="20250609" date-publ="20250626">
<us-bibliographic-data-application lang="EN" country="US">
<publication-reference>
<document-id>
<country>US</country>
<doc-number>20250204297</doc-number>
<kind>A1</kind>
<date>20250626</date>
</document-id>
</publication-reference>
<application-reference appl-type="utility">
<document-id>
<country>US</country>
<doc-number>18976479</doc-number>
<date>20241211</date>
</document-id>
</application-reference>
<us-application-series-code>18</us-application-series-code>
<priority-claims>
<priority-claim sequence="01" kind="national">
<country>AR</country>
<doc-number>P20230103541</doc-number>
<date>20231222</date>
</priority-claim>
</priority-claims>
<classifications-ipcr>
<classification-ipcr>
<ipc-version-indicator><date>20060101</date></ipc-version-indicator>
<classification-level>A</classification-level>
<section>A</section>
<class>01</class>
<subclass>B</subclass>
<main-group>63</main-group>
<subgroup>32</subgroup>
<symbol-position>F</symbol-position>
<classification-value>I</classification-value>
<action-date><date>20250626</date></action-date>
<generating-office><country>US</country></generating-office>
<classification-status>B</classification-status>
<classification-data-source>H</classification-data-source>
</classification-ipcr>
<classification-ipcr>
<ipc-version-indicator><date>20060101</date></ipc-version-indicator>
<classification-level>A</classification-level>
<section>A</section>
<class>01</class>
<subclass>B</subclass>
<main-group>63</main-group>
<subgroup>00</subgroup>
<symbol-position>L</symbol-position>
<classification-value>I</classification-value>
<action-date><date>20250626</date></action-date>
<generating-office><country>US</country></generating-office>
<classification-status>B</classification-status>
<classification-data-source>H</classification-data-source>
</classification-ipcr>
</classifications-ipcr>
<classifications-cpc>
<main-cpc>
<classification-cpc>
<cpc-version-indicator><date>20130101</date></cpc-version-indicator>
<section>A</section>
<class>01</class>
<subclass>B</subclass>
<main-group>63</main-group>
<subgroup>32</subgroup>
<symbol-position>F</symbol-position>
<classification-value>I</classification-value>
<action-date><date>20250626</date></action-date>
<generating-office><country>US</country></generating-office>
<classification-status>B</classification-status>
<classification-data-source>H</classification-data-source>
<scheme-origination-code>C</scheme-origination-code>
</classification-cpc>
</main-cpc>
<further-cpc>
<classification-cpc>
<cpc-version-indicator><date>20130101</date></cpc-version-indicator>
<section>A</section>
<class>01</class>
<subclass>B</subclass>
<main-group>63</main-group>
<subgroup>008</subgroup>
<symbol-position>L</symbol-position>
<classification-value>I</classification-value>
<action-date><date>20250626</date></action-date>
<generating-office><country>US</country></generating-office>
<classification-status>B</classification-status>
<classification-data-source>H</classification-data-source>
<scheme-origination-code>C</scheme-origination-code>
</classification-cpc>
</further-cpc>
</classifications-cpc>
<invention-title id="d2e61">SEEDING MACHINE</invention-title>
<us-parties>
<us-applicants>
<us-applicant sequence="00" app-type="applicant" designation="us-only">
<addressbook>
<last-name>PIVIDORI</last-name>
<first-name>Marcelo Roberto</first-name>
<address>
<city>Santa Fe</city>
<country>AR</country>
</address>
</addressbook>
<residence>
<country>AR</country>
</residence>
</us-applicant>
<us-applicant sequence="01" app-type="applicant" designation="us-only">
<addressbook>
<last-name>Vanni</last-name>
<first-name>Matias Francisco</first-name>
<address>
<city>Cordoba</city>
<country>AR</country>
</address>
</addressbook>
<residence>
<country>AR</country>
</residence>
</us-applicant>
<us-applicant sequence="02" app-type="applicant" designation="us-only">
<addressbook>
<last-name>COLOMBARA</last-name>
<first-name>Cristian Pedro</first-name>
<address>
<city>Santa Fe</city>
<country>AR</country>
</address>
</addressbook>
<residence>
<country>AR</country>
</residence>
</us-applicant>
<us-applicant sequence="03" app-type="applicant" designation="us-only">
<addressbook>
<last-name>COLOMBARA</last-name>
<first-name>Hernan Ariel</first-name>
<address>
<city>Santa Fe</city>
<country>AR</country>
</address>
</addressbook>
<residence>
<country>AR</country>
</residence>
</us-applicant>
</us-applicants>
<inventors>
<inventor sequence="00" designation="us-only">
<addressbook>
<last-name>PIVIDORI</last-name>
<first-name>Marcelo Roberto</first-name>
<address>
<city>Santa Fe</city>
<country>AR</country>
</address>
</addressbook>
</inventor>
<inventor sequence="01" designation="us-only">
<addressbook>
<last-name>Vanni</last-name>
<first-name>Matias Francisco</first-name>
<address>
<city>Cordoba</city>
<country>AR</country>
</address>
</addressbook>
</inventor>
<inventor sequence="02" designation="us-only">
<addressbook>
<last-name>COLOMBARA</last-name>
<first-name>Cristian Pedro</first-name>
<address>
<city>Santa Fe</city>
<country>AR</country>
</address>
</addressbook>
</inventor>
<inventor sequence="03" designation="us-only">
<addressbook>
<last-name>COLOMBARA</last-name>
<first-name>Hernan Ariel</first-name>
<address>
<city>Santa Fe</city>
<country>AR</country>
</address>
</addressbook>
</inventor>
</inventors>
</us-parties>
</us-bibliographic-data-application>
<abstract id="abstract">
<p id="p-0001" num="0000">A seeding machine, which contains a structural frame, where on its lateral side it is connected through a coupling plate to at least one deformable parallelogram belonging to a seeding body. It includes at least one air channel, connected at one end to an air compensating tank and at the other distal end to a pneumatic actuator with an internal guide, integrally arranged through a set of fastening device and positioned within the at least one deformable parallelogram. This pneumatic actuator with an internal guide is operatively connected to a pneumatic air pressure regulation system, controlled by a monitoring and control system.</p>
</abstract>
<drawings id="DRAWINGS">
<figure id="Fig-EMI-D00000" num="00000">
<img id="EMI-D00000" he="125.05mm" wi="134.62mm" file="US20250204297A1-20250626-D00000.TIF" alt="embedded image" img-content="drawing" img-format="tif"/>
</figure>
<figure id="Fig-EMI-D00001" num="00001">
<img id="EMI-D00001" he="143.76mm" wi="136.65mm" file="US20250204297A1-20250626-D00001.TIF" alt="embedded image" img-content="drawing" img-format="tif"/>
</figure>
<figure id="Fig-EMI-D00002" num="00002">
<img id="EMI-D00002" he="244.77mm" wi="54.44mm" file="US20250204297A1-20250626-D00002.TIF" alt="embedded image" img-content="drawing" img-format="tif"/>
</figure>
<figure id="Fig-EMI-D00003" num="00003">
<img id="EMI-D00003" he="213.02mm" wi="100.92mm" file="US20250204297A1-20250626-D00003.TIF" alt="embedded image" img-content="drawing" img-format="tif"/>
</figure>
<figure id="Fig-EMI-D00004" num="00004">
<img id="EMI-D00004" he="252.73mm" wi="65.11mm" file="US20250204297A1-20250626-D00004.TIF" alt="embedded image" img-content="drawing" img-format="tif"/>
</figure>
<figure id="Fig-EMI-D00005" num="00005">
<img id="EMI-D00005" he="242.57mm" wi="159.85mm" file="US20250204297A1-20250626-D00005.TIF" alt="embedded image" img-content="drawing" img-format="tif"/>
</figure>
<figure id="Fig-EMI-D00006" num="00006">
<img id="EMI-D00006" he="221.66mm" wi="180.59mm" file="US20250204297A1-20250626-D00006.TIF" alt="embedded image" img-content="drawing" img-format="tif"/>
</figure>
<figure id="Fig-EMI-D00007" num="00007">
<img id="EMI-D00007" he="196.43mm" wi="166.45mm" file="US20250204297A1-20250626-D00007.TIF" alt="embedded image" img-content="drawing" img-format="tif"/>
</figure>
<figure id="Fig-EMI-D00008" num="00008">
<img id="EMI-D00008" he="238.42mm" wi="153.16mm" file="US20250204297A1-20250626-D00008.TIF" alt="embedded image" img-content="drawing" img-format="tif"/>
</figure>
<figure id="Fig-EMI-D00009" num="00009">
<img id="EMI-D00009" he="138.01mm" wi="165.35mm" file="US20250204297A1-20250626-D00009.TIF" alt="embedded image" img-content="drawing" img-format="tif"/>
</figure>
<figure id="Fig-EMI-D00010" num="00010">
<img id="EMI-D00010" he="248.58mm" wi="149.10mm" file="US20250204297A1-20250626-D00010.TIF" alt="embedded image" img-content="drawing" img-format="tif"/>
</figure>
<figure id="Fig-EMI-D00011" num="00011">
<img id="EMI-D00011" he="140.46mm" wi="184.57mm" file="US20250204297A1-20250626-D00011.TIF" alt="embedded image" img-content="drawing" img-format="tif"/>
</figure>
<figure id="Fig-EMI-D00012" num="00012">
<img id="EMI-D00012" he="95.67mm" wi="184.07mm" file="US20250204297A1-20250626-D00012.TIF" alt="embedded image" img-content="drawing" img-format="tif"/>
</figure>
<figure id="Fig-EMI-D00013" num="00013">
<img id="EMI-D00013" he="241.38mm" wi="148.08mm" file="US20250204297A1-20250626-D00013.TIF" alt="embedded image" img-content="drawing" img-format="tif"/>
</figure>
<figure id="Fig-EMI-D00014" num="00014">
<img id="EMI-D00014" he="132.76mm" wi="154.77mm" file="US20250204297A1-20250626-D00014.TIF" alt="embedded image" img-content="drawing" img-format="tif"/>
</figure>
</drawings>
<description id="description">
<?summary-of-invention description="Summary of Invention" end="lead"?>
<heading id="h-0001" level="1">TECHNICAL FIELD OF THE INVENTION</heading>
<p id="p-0002" num="0001">The present invention pertains to a &#x201c;seeding machine&#x201d; for agricultural applications, specifically of the &#x201c;continuous&#x201d; or &#x201c;single-grain&#x201d; type, featuring counter-pressure systems. It includes seeding trains or planting bodies that employ &#x201c;counter-pressure springs&#x201d; or &#x201c;pneumatic counter-pressure systems,&#x201d; also referred to as &#x201c;pneumatic counter-pressure cushions.&#x201d;</p>
<heading id="h-0002" level="1">BACKGROUND OF THE INVENTION AND PROBLEMS TO BE SOLVED</heading>
<p id="p-0003" num="0002">Seeding machines consist of a structural frame to which the seeding trains are attached, arranged side by side in a single row or two rows, one in front of the other, depending on the model, with the structure supported by wheels. The frame holds seed hoppers and, in many cases, hoppers or tanks for fertilizers applied during sowing. In the process of establishing an extensive crop, each seeding train, as it moves across the ground, enables the regulated placement of seeds along a row, hereinafter referred to as a &#x201c;line,&#x201d; [&#x201c;linio&#x201d; in Spanish] with each seeding train operating independently from the others.</p>
<p id="p-0004" num="0003">Crops with larger seeds, such as corn, soybeans, sunflower, cotton, sorghum, and beans, are referred to as &#x201c;coarse grains&#x201d; and are distinguished from those known as fine or small grains: wheat, canary seed, oats, barley, and rye. For each of these two groups of seeds, there are seeders with distinct designs and characteristics.</p>
<p id="p-0005" num="0004">The planting of seeds involves two combined procedures: seed metering and placement and the operations on the soil by the different components of the seeding train. As it moves forward, the following operations are successively carried out on a point of the row to be sown: the cutting of stubble and/or micro tillage, the opening of the furrow where the seed is placed, the seed compacting, and finally the covering of the furrow.</p>
<p id="p-0006" num="0005">The intended goal is for the furrow conditions to be uniform and aligned with the predetermined parameters for the crop; to achieve this, the seeding bodies are equipped with gauge wheels and load control.</p>
<p id="p-0007" num="0006">Load control and depth limiters: The existing machines feature two types of configurations for attaching the seeding train: components of the train fixed to a single longitudinal arm or fixed to a structure supported by a deformable parallelogram. While the former is simpler in construction and allows for narrower rows, it causes variations in the disc-cutting angle with arm oscillations. On the other hand, those mounted on deformable parallelograms maintain the cutting angle consistently, making them the most widely used.</p>
<p id="p-0008" num="0007">Determining seeding depth and ensuring uniformity is critical, involving a combination of load on each seeding train and adjusting gauge wheels. The load control is actually a regulatory increase in the seeding train's weight. The gauge wheels allow monitoring to ensure the load is correct; they may indicate an underweight body if they do not rotate continuously. Conversely, suppose the gauge wheels mark the residue or soil. In that case, it indicates the excess load on the body, which can lead to over-compaction of the soil near the seed, adversely affecting the seeding process and leading to premature wear of bearings and wheels. Load control in the seeding train allows the unit to conform to the terrain and maintain uniform seeding depth. The most commonly used system currently consists of linear springs placed on the deformable parallelogram or between it and the machine structure. With a simple adjustment system, the load on the seeding train can be adapted to various soil conditions. The tension of the springs is easily adjusted with the seeder stationary, though not while the machine is operating; a position scale allows one end to be mounted in a specific position. A simple change in position allows the tension to be increased or decreased.</p>
<p id="p-0009" num="0008">In the prior art, the options for existing pneumatic counter-pressure systems can be categorized into those that use reinforced, adjustable counter-pressure springs with mechanical coil springs and those that apply a pneumatic counter-pressure system that utilizes rubber air cushions with in-line air inlets associated with the duty cycle of the air compressor assembly, where the air cushions are linked in parallel.</p>
<heading id="h-0003" level="1">The Problem With Linear Mechanical Counter-Pressure Springs</heading>
<p id="p-0010" num="0009">While load control through linear mechanical springs, also known as counter-pressure springs, is simple and yields good results, these springs have certain drawbacks. The force exerted by the springs is proportional to their displacement, which means they cannot provide a constant or adjustable force as needed. They also have an elasticity limit&#x2014;beyond this point, they deform permanently and lose their ability to return to their original shape. Additionally, they lack an internal mechanism to dissipate the kinetic energy generated when released, leading to undesirable oscillations and vibrations that can impact the performance and durability of the equipment that uses them. A spring exerts different loads depending on its degree of extension or compression, as traction increases the load as it stretches or contracts.</p>
<p id="p-0011" num="0010">Uneven terrain, debris, or significant crop residue can also lead to undesirable effects, such as oscillations or bouncing due to the lack of damping. The spring produces an elastic force that varies proportionally with its extension or compression from the relaxed position, causing significant variation in the pressure exerted on the soil through the gauge wheel as the spring moves between its maximum open and minimum closed positions. Furthermore, because it lacks viscous damping properties, it creates sustained oscillations over time, leading to an uneven seedbed, with seeds being placed at varying depths and exposing all the mechanisms of the seeding train to oscillations and shocks that wear them down prematurely.</p>
<p id="p-0012" num="0011">When changing fields or dealing with different soil types (hard or soft), adjusting the stiffness of all the metal springs on the equipment would require repositioning the anchors of all springs, adjusting the tension nut on each, or even adding springs in each position. For these reasons, there is a strong trend toward replacing linear-load mechanical springs with constant-load pneumatic bellows.</p>
<heading id="h-0004" level="1">The Problem With Pneumatic Bellows or Pneumatic Counter-Pressure Systems</heading>
<p id="p-0013" num="0012">Existing pneumatic counter-pressure systems must use high air pressure in constant-load pneumatic cushions, also known as &#x201c;pneumatic counter-pressure systems&#x201d; or &#x201c;pneumatic bellows,&#x201d; to prevent deformation and achieve the required load on the gauge wheels. This is because of how the bellows or air cushion is anchored to the seeder chassis&#x2014;fixed at the top and with movement only at the lower attachment to the deformable parallelogram. In these &#x201c;air cushions&#x201d; or &#x201c;pneumatic counter-pressure springs,&#x201d; each row unit has a single rubber air cushion or bellows located between the parallel arms and the chassis or frame. The air cushions are connected parallel to the pressurized air channel, so air can only be added or released from all row units simultaneously. When adjusting the counter-pressure in the row unit, the operator selects the counter-pressure (kg [lb]) to be applied across the entire seeder since the pneumatic counter-pressure system cannot automatically adjust the counter-pressure.</p>
<p id="p-0014" num="0013">The bellows are typically positioned nearly perpendicular to the ground, parallel to the chassis, linking the latter with the deformable parallelogram of each unit. Due to the anchoring method and the positioning of the bellows, the force applied to the deformable parallelogram is not optimal to achieve the necessary pressure exerted by the gauge wheel on the soil. Since the bellows are interconnected either in series or parallel through a narrow air channel that does not allow sufficient airflow to absorb variations, each seeding unit loses its operational independence.</p>
<p id="p-0015" num="0014">The hose or air channel interconnecting the bellows typically lacks the required cross-sectional area to allow adequate airflow, resulting in high resistance, which causes pressure surges or drops in the bellows. High pressures are applied to the bellows to maintain their shape and prevent breakage, reducing their ability to conform to the terrain. This results in variations in the adequate seeding depth at which each seed from the same seeding unit is deposited, leading to uneven seeding depth along each row.</p>
<heading id="h-0005" level="1">Proposed Solution</heading>
<p id="p-0016" num="0015">The proposed object is a &#x201c;seeder machine&#x201d; that includes a pneumatic actuator applied to the seeding units, which are the assemblies of mechanisms that operate on each furrow. These are mounted on the structural frame of the seeder and are referred to as &#x201c;seeding units,&#x201d; also known as &#x201c;seeding mechanisms&#x201d; or &#x201c;seeding sections.&#x201d; These are also referred to as &#x201c;planting unit,&#x201d; &#x201c;planting mechanism,&#x201d; or &#x201c;seeding unit&#x201d; in English. The seeding unit is a seeder's essential component responsible for planting operations, such as furrow opening, seed placement, and furrow covering.</p>
<p id="p-0017" num="0016">Specifically, a seeding train or unit with a pneumatic actuator featuring an internal guide, individually connected to an air pressure regulation system and a control and monitoring system for said pressure regulation in pneumatic load-controlled seeder machines, applied to seeding trains or units.</p>
<p id="p-0018" num="0017">The pneumatic actuator with an internal guide consists of a pneumatic bellows of the air cushion type, featuring an extensible internal guide and fastening devices mechanically connected to the deformable parallelogram, which is attached to the structural frame of the seeder. This design prevents damage or deformation of the rubber bellows caused by the asymmetric working stresses to which they are subjected.</p>
<p id="p-0019" num="0018">Additionally, the pneumatic actuator with an internal guide is connected to an air pressure regulation system and a control and monitoring system for said air pressure regulation system, which improves the function of the pneumatic spring with an internal guide by adjusting the working pressure and absorbing overpressure or under pressure to which the springs are exposed due to terrain irregularities.</p>
<p id="p-0020" num="0019">This allows the application of constant, adjustable, controlled, and independent pressure on each seeding unit, adapting to the terrain conditions over which the seeding train moves. This ensures uniform seeding depth for seed placement, improves seed spacing, and prevents over-compaction of the soil around the seed, resulting in uniform seed emergence. Furthermore, adding damping to the system reduces vibration and/or shocks on the seeding unit, preventing excessive fatigue on gauge-wheel bearings, discs, and mounting bolts. Ultimately, the seeding train is stabilized, delivering uniform, constant, adjustable, and independent pressure for each seeding unit, adapting to the working demands imposed by terrain irregularities. This prevents excessive vibrations in the seeder body and, consequently, in the seed meter and seed drop tube, ensuring precise seed metering and placement in the soil with consistent spacing and depth without creating excess load on the unit or over-compacting the soil around the seed. The result is an optimal seedbed across all height and working position ranges and in all types and conditions of planting terrain.</p>
<heading id="h-0006" level="1">Components Involved in the Invention's System</heading>
<p id="p-0021" num="0000">
<ul id="ul0001" list-style="none">
    <li id="ul0001-0001" num="0000">
    <ul id="ul0002" list-style="none">
        <li id="ul0002-0001" num="0020">S: Seeding machine.</li>
        <li id="ul0002-0002" num="0021">Rod with threaded ends (<b>1</b>)</li>
        <li id="ul0002-0003" num="0022">Piston with perforations (<b>2</b>)</li>
        <li id="ul0002-0004" num="0023">Cylinder cap (<b>3</b>)</li>
        <li id="ul0002-0005" num="0024">Cylinder cap bushing (<b>4</b>)</li>
        <li id="ul0002-0006" num="0025">Guide cylinder (<b>5</b>)</li>
        <li id="ul0002-0007" num="0026">Fixing plate (<b>6</b>)</li>
        <li id="ul0002-0008" num="0027">Lower cylinder reinforcement (<b>7</b>)</li>
        <li id="ul0002-0009" num="0028">Blind cap (<b>8</b>)</li>
        <li id="ul0002-0010" num="0029">Fixing bushing (<b>9</b>)</li>
        <li id="ul0002-0011" num="0030">Pneumatic bellows (<b>10</b>)</li>
        <li id="ul0002-0012" num="0031">Pneumatic actuator with an internal guide (<b>11</b>)</li>
        <li id="ul0002-0013" num="0032">Upper fixing device (<b>12</b>)</li>
        <li id="ul0002-0014" num="0033">Upper fixing bolt (<b>13</b>)</li>
        <li id="ul0002-0015" num="0034">Lower fixing device (<b>14</b>)</li>
        <li id="ul0002-0016" num="0035">Lower fixing bolt (<b>15</b>)</li>
        <li id="ul0002-0017" num="0036">Upper cap of the pneumatic bellows (<b>16</b>)</li>
        <li id="ul0002-0018" num="0037">Upper frame of the parallelogram (<b>17</b>)</li>
        <li id="ul0002-0019" num="0038">Lower frame of the parallelogram (<b>18</b>)</li>
        <li id="ul0002-0020" num="0039">Fixed front of the parallelogram (<b>19</b>)</li>
        <li id="ul0002-0021" num="0040">Movable front of the parallelogram (<b>20</b>)</li>
        <li id="ul0002-0022" num="0041">Deformable parallelogram (<b>21</b>)</li>
        <li id="ul0002-0023" num="0042">Lower base of the pneumatic bellows (<b>22</b>)</li>
        <li id="ul0002-0024" num="0043">Air compressor (<b>23</b>)</li>
        <li id="ul0002-0025" num="0044">Primary pressurized air tank (<b>24</b>)</li>
        <li id="ul0002-0026" num="0045">Air pressure regulator (<b>25</b>)</li>
        <li id="ul0002-0027" num="0046">Pressure gauge (<b>26</b>)</li>
        <li id="ul0002-0028" num="0047">Air channel (<b>27</b>)</li>
        <li id="ul0002-0029" num="0048">Regulated pressurized air compensating tank (<b>28</b>)</li>
        <li id="ul0002-0030" num="0049">Air channel (<b>29</b>)</li>
        <li id="ul0002-0031" num="0050">Structural frame of the seeder (<b>30</b>)</li>
        <li id="ul0002-0032" num="0051">Air pressure regulation system (<b>31</b>)</li>
        <li id="ul0002-0033" num="0052">Compensating tank pressure sensor (<b>32</b>)</li>
        <li id="ul0002-0034" num="0053">Electronic regulator (<b>33</b>)</li>
        <li id="ul0002-0035" num="0054">3-way solenoid valve with electronic control (<b>34</b>)</li>
        <li id="ul0002-0036" num="0055">Bellows pressure sensor (<b>35</b>)</li>
        <li id="ul0002-0037" num="0056">Processing unit with built-in vibration sensor (<b>36</b>)</li>
        <li id="ul0002-0038" num="0057">Main control unit (<b>37</b>)</li>
        <li id="ul0002-0039" num="0058">CAN communication network (<b>38</b>)</li>
        <li id="ul0002-0040" num="0059">Control and monitoring system (<b>39</b>)</li>
        <li id="ul0002-0041" num="0060">Coupling plate (<b>40</b>)</li>
    </ul>
    </li>
</ul>
</p>
<?summary-of-invention description="Summary of Invention" end="tail"?>
<?brief-description-of-drawings description="Brief Description of Drawings" end="lead"?>
<description-of-drawings>
<heading id="h-0007" level="1">DESCRIPTION OF THE FIGURES</heading>
<p id="p-0022" num="0061">For greater clarity and understanding of the object of the present invention, it has been illustrated in the following figures, in which it is represented in one of the preferred embodiments, purely by way of example, without implying any limitations to the scope of protection of this patent application, where:</p>
<p id="p-0023" num="0062"><figref idref="DRAWINGS">FIG. <b>1</b></figref>: is a top perspective view of the parts comprising the associated assemblies arranged in the seeding train, supported by the structural frame of the seeder (<b>30</b>). The first assembly corresponds to an air pressure regulation system (<b>31</b>), which includes an air compressor (<b>23</b>) connected to a primary pressurized air tank (<b>24</b>) that, in turn, is connected to the regulated pressurized air compensating tank (<b>28</b>) through an air channel (<b>27</b>) associated with an air pressure regulator (<b>25</b>) and a pressure gauge (<b>26</b>). The previously mentioned regulated pressurized air compensating tank (<b>28</b>) is individually connected via the air channel (<b>29</b>) to each pneumatic actuator with an internal guide (<b>11</b>) located within the structure of each deformable parallelogram (<b>21</b>) of the seeding train.</p>
<p id="p-0024" num="0063"><figref idref="DRAWINGS">FIG. <b>2</b></figref>: is an exploded view of the parts that make up the internal guide of the pneumatic actuator with internal guide (<b>11</b>), showing the rod with threaded ends (<b>1</b>), the piston with perforations (<b>2</b>), the cylinder cap (<b>3</b>), the cylinder cap bushing (<b>4</b>), the guide cylinder (<b>5</b>), the fixing plate (<b>6</b>), the lower cylinder reinforcement (<b>7</b>), the blind cap (<b>8</b>), and the fixing bushing (<b>9</b>).</p>
<p id="p-0025" num="0064"><figref idref="DRAWINGS">FIG. <b>3</b></figref>: is a detailed external view of the lower section of the guide cylinder and its base, showing the assembled parts: the guide cylinder (<b>5</b>), the fixing plate (<b>6</b>), the lower cylinder reinforcement (<b>7</b>), the blind cap (<b>8</b>), and the fixing bushing (<b>9</b>).</p>
<p id="p-0026" num="0065"><figref idref="DRAWINGS">FIG. <b>4</b></figref>: is an external view of the assembled internal guide of the pneumatic actuator with an internal guide (<b>11</b>), without the pneumatic bellows (<b>10</b>).</p>
<p id="p-0027" num="0066"><figref idref="DRAWINGS">FIG. <b>5</b></figref>: is a view of the assembled pneumatic actuator with internal guide (<b>11</b>), showing the upper cap of the pneumatic bellows (<b>16</b>), which supports a connection fitting, the pneumatic bellows (<b>10</b>), the lower base of the pneumatic bellows (<b>22</b>), the rod with threaded ends (<b>1</b>), the cylinder cap (<b>3</b>), the guide cylinder (<b>5</b>), the lower cylinder reinforcement (<b>7</b>), the fixing plate (<b>6</b>), and the fixing bushing (<b>9</b>).</p>
<p id="p-0028" num="0067"><figref idref="DRAWINGS">FIG. <b>6</b></figref>: is a view of <figref idref="DRAWINGS">FIG. <b>5</b></figref> of the fully assembled pneumatic actuator with an internal guide (<b>11</b>).</p>
<p id="p-0029" num="0068"><figref idref="DRAWINGS">FIG. <b>7</b></figref>: is a cross-sectional view of the internal section of the pneumatic actuator with internal guide (<b>11</b>) in an extended working position, showing the pneumatic bellows (<b>10</b>) in the extended position and the internal guide assembly also in the extended position. The rod with threaded ends (<b>1</b>) has at its lower end the piston with perforations (<b>2</b>), which is displaced upward in a linear motion within the guide cylinder (<b>5</b>), centered by the piston with perforations (<b>2</b>) itself and by the cylinder cap bushing (<b>4</b>).</p>
<p id="p-0030" num="0069"><figref idref="DRAWINGS">FIG. <b>8</b></figref>: is a view of <figref idref="DRAWINGS">FIG. <b>7</b></figref> in a compressed working position, showing the pneumatic bellows (<b>10</b>) in the contracted position and the internal guide assembly also in the contracted position, with the rod with threaded ends (<b>1</b>) whose lower end has the piston with perforations (<b>2</b>) displaced downwards linearly within the guide cylinder (<b>5</b>), centered by the piston with perforations (<b>2</b>) itself and by the cylinder cap bushing (<b>4</b>).</p>
<p id="p-0031" num="0070"><figref idref="DRAWINGS">FIG. <b>9</b></figref>: is a view of the pneumatic actuator with an internal guide (<b>11</b>), showing the connection at its upper end with the upper fixing device (<b>12</b>) and the upper fixing bolt (<b>13</b>) and at its lower end with the lower fixing device (<b>14</b>) and the lower fixing bolt (<b>15</b>).</p>
<p id="p-0032" num="0071"><figref idref="DRAWINGS">FIG. <b>10</b></figref>: is a view of <figref idref="DRAWINGS">FIG. <b>9</b></figref> with the fixing devices (<b>12</b>) and (<b>14</b>) installed.</p>
<p id="p-0033" num="0072"><figref idref="DRAWINGS">FIG. <b>11</b></figref>: is an exploded view of the deformable parallelogram (<b>21</b>), showing its components: the fixed front of the deformable parallelogram (<b>19</b>) and the movable front of the deformable parallelogram (<b>20</b>) connected by the upper frames of the parallelogram (<b>17</b>) and the lower frames of the parallelogram (<b>18</b>).</p>
<p id="p-0034" num="0073"><figref idref="DRAWINGS">FIG. <b>12</b></figref>: is a view of <figref idref="DRAWINGS">FIG. <b>11</b></figref> of the fully assembled deformable parallelogram (<b>21</b>).</p>
<p id="p-0035" num="0074"><figref idref="DRAWINGS">FIG. <b>13</b></figref>: is a perspective view of the pneumatic actuator with an internal guide (<b>11</b>), showing its arrangement within the deformable parallelogram (<b>21</b>), connected by the installed fixing devices (<b>12</b>) and (<b>14</b>).</p>
<p id="p-0036" num="0075"><figref idref="DRAWINGS">FIG. <b>14</b></figref>: is a lateral sectional view of the deformable parallelogram (<b>21</b>) in its lowest position, with the pneumatic actuator with an internal guide (<b>11</b>) extended.</p>
<p id="p-0037" num="0076"><figref idref="DRAWINGS">FIG. <b>15</b></figref>: is a view of <figref idref="DRAWINGS">FIG. <b>14</b></figref> shows the deformable parallelogram (<b>21</b>) in its highest position, with the pneumatic actuator with an internal guide (<b>11</b>) contracted.</p>
<p id="p-0038" num="0077"><figref idref="DRAWINGS">FIG. <b>16</b></figref>: is a view of the air pressure regulation system (<b>31</b>), showing the arrangement of its components: a regulated pressurized air compensating tank (<b>28</b>), a digital pressure sensor (<b>32</b>), an electronic regulator (<b>33</b>) housed together with a 3-way solenoid valve with electronic control (<b>34</b>) in a single casing, a bellows pressure sensor (<b>35</b>), and a data processing unit with a built-in vibration sensor (<b>36</b>). The previously mentioned components are interconnected and linked to the main control unit with an acceleration sensor (<b>37</b>) through a CAN-type communication network (<b>38</b>), allowing user command and monitoring through this network.</p>
<p id="p-0039" num="0078"><figref idref="DRAWINGS">FIG. <b>17</b></figref>: is a schematic diagram of the control and monitoring system (<b>39</b>) for the pressure regulation system (<b>31</b>).</p>
<p id="p-0040" num="0079"><figref idref="DRAWINGS">FIG. <b>18</b></figref>: is a table with the values and results of Test No. 1, showing the force applied by the gauge wheel and the table displaying the recorded values of pressure and weight on the scale for each of the test conditions, according to the inclination degree of the pneumatic actuator with an internal guide (<b>11</b>). In the same figure, the results of Test 1 are shown: Measurement WITHOUT the compensating tank connected and Test 2: Measurement WITH the compensating tank connected.</p>
<p id="p-0041" num="0080"><figref idref="DRAWINGS">FIG. <b>19</b></figref>: is a table with the values and results of Test 3: Field verification, showing the obtained results.</p>
</description-of-drawings>
<?brief-description-of-drawings description="Brief Description of Drawings" end="tail"?>
<?detailed-description description="Detailed Description" end="lead"?>
<heading id="h-0008" level="1">DETAILED DESCRIPTION OF THE INVENTION</heading>
<p id="p-0042" num="0081">The object of this application refers to a &#x201c;seeding machine&#x201d; with a pneumatic actuator applied to the seeding trains or units. The pneumatic actuator with an internal guide (<b>11</b>) is connected to an air pressure regulation system (<b>31</b>) and is linked to a control and monitoring system (<b>39</b>) for the pressure regulation system (<b>31</b>).</p>
<p id="p-0043" num="0082">The pneumatic actuator with an internal guide (<b>11</b>) is installed in the seeding trains or units of the seeding machine within the deformable parallelograms, mechanically coupled with the upper (<b>12</b>) and lower (<b>14</b>) fixing devices, as detailed below.</p>
<p id="p-0044" num="0083">The pneumatic actuator with an internal guide (<b>11</b>) comprises two assemblies:</p>
<p id="p-0045" num="0084">a) An external guide cylinder (<b>5</b>) containing a rod with threaded ends (<b>1</b>) inside it.</p>
<p id="p-0046" num="0085">b) A pneumatic bellows (<b>10</b>).</p>
<p id="p-0047" num="0086">Where:</p>
<p id="p-0048" num="0087">a) The guide cylinder (<b>5</b>) consists of a seamless laminated cylinder or tube made of &#x201c;SAE&#x201d; type steel, with an outer diameter of 38.1 millimeters and 2 mm thick walls. Its lower end is inserted into the lower reinforcement of the cylinder (<b>7</b>), which is made of a cylindrical steel tube with a seam, &#x201c;SAE&#x201d; 1010 type, with an inner diameter of 38.1 millimeters, 4 mm thick walls, and a length of 73 millimeters. An external recess of 2 millimeters is machined on it, leaving 20 millimeters unmachined along its axial length to act as a support for the fixing plate (<b>6</b>). The guide cylinder (<b>5</b>) is closed at the base with a blind cap (<b>8</b>) made of &#x201c;SAE&#x201d; 1010 type steel, with a diameter of 35 millimeters and 4 millimeters thick. This blind cap (<b>8</b>) is, in turn, connected to the fixing bushing (<b>9</b>), made of &#x201c;SAE&#x201d; 1045 type steel, with a diameter of 30 millimeters and a length of 55 millimeters. Furthermore, the lower reinforcement of the cylinder (<b>7</b>), previously mentioned, features a protruding edge with a larger diameter at the lower section on its outer face, which supports a cylindrical assembly plate or fixing plate (<b>6</b>) with a central hole through which it connects to the lower reinforcement of the cylinder (<b>7</b>). It has two juxtaposed holes on its surface to anchor the pneumatic bellows (<b>10</b>). All the aforementioned parts are mechanically connected by welding, forming a single piece or monoblock, as shown in <figref idref="DRAWINGS">FIGS. <b>2</b> and <b>3</b></figref>.</p>
<p id="p-0049" num="0088">The rod with threaded ends (<b>1</b>) consists of a ground tempered bar made of &#x201c;SAE&#x201d; 1045 type steel, featuring a male thread at each end. At its lower end, it is mechanically connected with adjustable nuts and washers to a head or piston with perforations (<b>2</b>) made of graphite-filled Teflon, which has a central hole on its surface and four equidistant adjacent holes. At its upper end, after passing through the cylinder cap (<b>3</b>) via the cylinder cap bushing (<b>4</b>) inserted into it and then being inserted into the guide cylinder (<b>5</b>) on the piston side with perforations (<b>2</b>), it is connected with adjustable nuts and washers to the upper cap of the pneumatic bellows (<b>16</b>) and the upper fixing bolt (<b>13</b>). This completes the assembly shown in <figref idref="DRAWINGS">FIG. <b>2</b></figref> and <figref idref="DRAWINGS">FIG. <b>4</b></figref>.</p>
<p id="p-0050" num="0089">b) The pneumatic rubber bellows (<b>10</b>) consists of a tubular section made of a composite rubber material (rubber and fabric), sealed at both ends with two circular and airtight cast aluminum caps (<b>16</b>) and (<b>22</b>), each with a concentric central hole where it connects with the pneumatic actuator with an internal guide (<b>11</b>) (see <figref idref="DRAWINGS">FIG. <b>4</b></figref>), defined by the assembly of &#x201c;a rod with threaded ends (<b>1</b>) attached to the piston with perforations (<b>2</b>), the cylinder cap (<b>3</b>), the cylinder cap bushing (<b>4</b>), connected to the guide cylinder (<b>5</b>), the fixing plate (<b>6</b>), the lower reinforcement of the cylinder (<b>7</b>), the blind cap (<b>8</b>), and the fixing bushing (<b>9</b>)&#x201d; of the previously described pneumatic actuator with an internal guide (<b>11</b>). Furthermore, the upper cap of the pneumatic bellows (<b>16</b>) is connected at the upper end with a nut to the &#xbd;&#x2033; male thread of the rod with threaded ends (<b>1</b>) and is associated with a &#x201c;racord&#x201d;-type air connector, while the lower base of the pneumatic bellows (<b>22</b>) is bolted to the fixing plate (<b>6</b>) at the lower end, forming the complete assembly of the pneumatic actuator with an internal guide (<b>11</b>). <figref idref="DRAWINGS">FIG. <b>5</b></figref> and <figref idref="DRAWINGS">FIG. <b>6</b></figref>.</p>
<heading id="h-0009" level="1">Assembly Method of the Set</heading>
<p id="p-0051" num="0090">1. Insert the lower thread of the rod with threaded ends (<b>1</b>) through the central hole in the piston with perforations (<b>2</b>), securing it with the corresponding nut. <figref idref="DRAWINGS">FIG. <b>2</b></figref>.</p>
<p id="p-0052" num="0091">2. Insert the fixing plate (<b>6</b>) into the lower reinforcement of the cylinder (<b>7</b>) up to its stepped section, and seal it hermetically with a weld on the lower part of the fixing plate (<b>6</b>), as shown in <figref idref="DRAWINGS">FIG. <b>3</b></figref>.</p>
<p id="p-0053" num="0092">3. Insert the guide cylinder (<b>5</b>) from the top of the previously welded parts (<b>6</b>) and (<b>7</b>) until they are aligned at the lower edge. Then, close with the blind cap (<b>8</b>), welding the parts to ensure a tight seal. Subsequently, weld the fixing bushing (<b>9</b>) to the lower part of the blind cap (<b>8</b>), forming a single piece, as shown in <figref idref="DRAWINGS">FIG. <b>3</b></figref>).</p>
<p id="p-0054" num="0093">4. Insert the rod with threaded ends (<b>1</b>) into the guide cylinder (<b>5</b>) from the lower side, where the piston with perforations (<b>2</b>) is attached.</p>
<p id="p-0055" num="0094">5. Press-fit the cylinder cap bushing (<b>4</b>) into the cylinder cap (<b>3</b>).</p>
<p id="p-0056" num="0095">6. Insert the upper end of the rod with threaded ends (<b>1</b>) into the central hole of the cylinder cap bushing (<b>4</b>), already positioned in the cylinder cap (<b>3</b>), and attach the cylinder cap (<b>3</b>) to the guide cylinder (<b>5</b>), joining them with a weld. This completes the internal guide assembly shown in <figref idref="DRAWINGS">FIG. <b>4</b></figref>).</p>
<p id="p-0057" num="0096">7. Insert the internal guide, consisting of the lower base of the pneumatic bellows (<b>22</b>), until it stops against the fixing plate (<b>6</b>), securing it hermetically with adjustable bolts. In the same process, insert the upper thread of the rod with threaded ends (<b>1</b>) into the central hole of the upper cap of the pneumatic bellows (<b>16</b>), securing it tightly with a washer and an adjustable nut (see <figref idref="DRAWINGS">FIG. <b>5</b></figref>. This completes the pneumatic actuator with an internal guide (<b>11</b>), as shown in <figref idref="DRAWINGS">FIG. <b>6</b></figref>.</p>
<p id="p-0058" num="0097">The guide cylinder assembly (<b>5</b>) with its base, along with the cylinder cap (<b>3</b>) containing the inserted cylinder cap bushing (<b>4</b>), in conjunction with the piston with perforations (<b>2</b>), keep the rod with threaded ends (<b>1</b>) centered with respect to the radius of the pneumatic bellows (<b>10</b>), allowing only axial movements. The materials used to manufacture the piston with perforations (<b>2</b>) and the cylinder cap bushing (<b>4</b>) allow both the rod with threaded ends (<b>1</b>) and the piston with perforations (<b>2</b>) to slide with minimal friction inside the guide cylinder (<b>5</b>). The perforations in the piston with perforations (<b>2</b>) allow the air inside the guide cylinder (<b>5</b>) to remain at the same pressure in any position of the pneumatic actuator with an internal guide (<b>11</b>), even in its extreme positions. These assemblies and construction features of the internal guide guarantee the optimal working position of the pneumatic bellows and the free vertical movement of the rod with threaded ends (<b>1</b>). See <figref idref="DRAWINGS">FIG. <b>3</b></figref> and <figref idref="DRAWINGS">FIG. <b>4</b></figref>.</p>
<p id="p-0059" num="0098">The pneumatic actuator with an internal guide (<b>11</b>) has a variable length within a range equivalent to that of the rubber pneumatic bellows (<b>10</b>), which stretches and contracts within the limits allowed by the internal guide, always remaining within its nominal working conditions. As mentioned in the previous paragraph, the internal guide maintains alignment despite the stretching or contraction of the pneumatic bellows and the radial forces exerted on the pneumatic actuator with an internal guide (<b>11</b>) under normal working conditions during seeding, ensuring the parallelism of the ends of the pneumatic bellows (<b>10</b>) and their perpendicularity with respect to the axis of the assembly. These movement constraints ensure that the pneumatic bellows (<b>10</b>) will not be subjected to unpredictable stresses and deformations that could lead to rupture or premature wear. See <figref idref="DRAWINGS">FIG. <b>7</b></figref> and <figref idref="DRAWINGS">FIG. <b>8</b></figref>.</p>
<p id="p-0060" num="0099">The deformable parallelogram (<b>21</b>) found in the seeding units or trains of the seeding machines comprises a fixed parallelogram front (<b>19</b>) attached to the structural frame of the seeder (<b>30</b>) and a movable parallelogram front (<b>20</b>), which is associated with the seeding train. Both are connected to each other by the upper frame of the parallelogram (<b>17</b>) and the lower frame of the parallelogram (<b>18</b>). See <figref idref="DRAWINGS">FIG. <b>11</b></figref> and <figref idref="DRAWINGS">FIG. <b>12</b></figref>.</p>
<p id="p-0061" num="0100">The pneumatic actuator with an internal guide (<b>11</b>) is arranged inside the deformable parallelogram (<b>21</b>) in an internal position, located at an inclination angle between 10&#xb0; and 40&#xb0; with respect to the vertical, with this angle being measured when the lower frame of the parallelogram (<b>18</b>) and the upper frame of the parallelogram (<b>17</b>) are in a parallel position to the ground. It is connected at the upper end with the upper fixing bolt (<b>13</b>) to the upper fixing device (<b>12</b>) and at the lower end to the lower fixing device (<b>14</b>) by means of a lower fixing bolt (<b>15</b>). Both fixing bolts allow the pneumatic actuator with an internal guide (<b>11</b>) to adapt its position to the movements of the deformable parallelogram (<b>21</b>), ensuring that the appropriate force is applied regardless of the position and movements of the deformable parallelogram (<b>21</b>) in its nominal working state. <figref idref="DRAWINGS">FIG. <b>9</b></figref>, <figref idref="DRAWINGS">FIG. <b>10</b></figref>, and <figref idref="DRAWINGS">FIG. <b>13</b></figref>.</p>
<p id="p-0062" num="0101">The fixing devices (<b>12</b>) and (<b>14</b>), connected to the deformable parallelogram (<b>21</b>) through the fixing bolts (<b>13</b>), (<b>15</b>), allow the installation of the pneumatic actuator with an internal guide (<b>11</b>) in various seeding units or trains of seeding machines with a deformable parallelogram, while also facilitating their replacement if necessary. <figref idref="DRAWINGS">FIG. <b>13</b></figref>.</p>
<p id="p-0063" num="0102">In a seeder with a specific number of seeding trains, an equal number of pneumatic actuators with an internal guide (<b>11</b>) will be installed, each individually connected to an air pressure regulation system (<b>31</b>), directly linked to the regulated pressurized air compensating tank (<b>28</b>) via the air channel (<b>29</b>), in order to ensure the independent operation and optimize the performance of each pneumatic actuator with an internal guide (<b>11</b>), absorbing the overpressure or under pressure to which the actuators are exposed due to the regular movements of the seeding train caused by the irregularities of the terrain being worked on.</p>
<p id="p-0064" num="0103">The air pressure regulation system (<b>31</b>) is mounted on the structural frame of the seeder (<b>30</b>), allowing for a direct connection between the pneumatic actuator with an internal guide (<b>11</b>) and the regulated pressurized air compensating tank (<b>28</b>) through the air channels (<b>29</b>).</p>
<p id="p-0065" num="0104">The air pressure regulation system (<b>31</b>) includes an air compressor (<b>23</b>) housed in a protective cabinet to shield it from normal field environmental conditions, which is connected via a <b>12</b> mm or larger polyurethane air channel (<b>27</b>) to a primary pressurized air tank (<b>24</b>), which is linked to a regulated pressurized air compensating tank (<b>28</b>) through another air channel (<b>27</b>). This connection passes through an air pressure regulator (<b>25</b>) equipped with a pressure gauge (<b>26</b>) to display the system's working pressure and through an electronic regulator (<b>33</b>) that provides fine and dynamic adjustment of the working pressure, which ranges between 10 PSI and 50 PSI depending on the terrain conditions during operations. The air pressure regulation system (<b>31</b>) is mounted on the structural frame of the seeder (<b>30</b>), providing structural robustness and allowing a direct connection between the pneumatic actuators with an internal guide (<b>11</b>) and the regulated pressurized air compensating tank (<b>28</b>) through air channels (<b>29</b>), which have similar characteristics to the air channel (<b>27</b>). This configuration grants independence in operation to each seeding unit that contains the pneumatic actuator with an internal guide (<b>11</b>).</p>
<p id="p-0066" num="0105">Optimal fine-tuning of the load control system can be achieved by accurately determining the necessary pneumatic working pressure for different types of terrain and crops. This involves dynamically measuring the performance of each seeding unit with appropriate sensors and calibrating the air pressure, which is monitored and adjusted while the machine is in operation, to optimize the system's performance in each working condition it is subjected to.</p>
<p id="p-0067" num="0106">The air pressure regulation system (<b>31</b>) is of the sealed type, requiring no continuous generation of pressurized air. The compressor operates only to reach the appropriate air pressure and, if necessary, to adjust the pressure should it fall outside the user-specified operating range.</p>
<p id="p-0068" num="0107">The regulated pressurized air compensating tank (<b>28</b>), as previously mentioned, is individually connected to each pneumatic actuator with an internal guide (<b>11</b>) through compensating tank air channels (<b>29</b>) (polyurethane tubes with a minimum diameter of 12 mm). This design prevents airflow restrictions within the system and ensures the independent operation of each pneumatic actuator with an internal guide (<b>11</b>). It stabilizes the pressure exerted by the gauge wheel of each seeding train on the soil, thereby guaranteeing uniform seed depth placement. This is achieved through accurate terrain following and proper working pressure, resulting in uniform seed emergence.</p>
<p id="p-0069" num="0108">The control and monitoring system (<b>39</b>) of the pressure regulation system (<b>31</b>) (see <figref idref="DRAWINGS">FIG. <b>16</b></figref>), equipped with an integrated acceleration sensor, is responsible for adjusting the pneumatic pressure of the overall system. It considers the user's instructions and the terrain characteristics obtained through the system's sensors. Additionally, it generates a mapping of the terrain and the actual working conditions experienced by each of the seeding units being monitored.</p>
<p id="p-0070" num="0109">The control and monitoring system (<b>39</b>) consists of three fundamental elements that ensure its functions:</p>
<p id="p-0071" num="0110">1) Sensing Elements: These are responsible for measuring control and monitoring variables.</p>
<p id="p-0072" num="0111">The variables to be measured are listed below:</p>
<p id="p-0073" num="0112">a) Pneumatic Pressure in the bellows of each seeding unit: Measured using the bellows pressure sensor (<b>35</b>).</p>
<p id="p-0074" num="0113">b) Pneumatic Pressure in the System's Air Compensating Tank: This is measured using the compensating tank pressure sensor (<b>32</b>).</p>
<p id="p-0075" num="0114">c) Vibrations of the seeding units at the height of the metering device, measuring the accelerations experienced by the seeding unit. This is part of the Processing Unit with a built-in vibration sensor (<b>36</b>) for each seeding unit.</p>
<p id="p-0076" num="0115">d) Force exerted on the soil by the gauge wheel: This variable is calculated based on the seeding unit's mechanical characteristics, the angle at which the Spring is positioned, and the air pressure within it.</p>
<p id="p-0077" num="0116">e) Recording the movements of the seeder's frame to compare them with the movements recorded by each processing unit with built-in acceleration sensors (<b>36</b>) located on the seeding units. This comparison allows for determining the efficiency of the terrain following by each seeding train and implementing the necessary corrective actions on the pneumatic working pressure of the pneumatic actuators with internal guide (<b>11</b>). These adjustments are made through the main control unit, which includes an acceleration sensor, accelerometers, and gyroscopes (<b>37</b>), positioned on the regulated pressurized air compensating tank (<b>28</b>) and supported by the seeder's structural frame (<b>30</b>) through the fixing plate (<b>40</b>).</p>
<p id="p-0078" num="0117">2) Actuator Elements: These are responsible for performing the actions that adjust the system states to achieve optimal results based on the terrain conditions and configurations set by the user. The system mainly consists of the following control components:</p>
<p id="p-0079" num="0118">A) ON-OFF System for the Compressor: A relay system that enables or disables the compressor's power supply directly from the user interface through the Main Control Unit (<b>37</b>).</p>
<p id="p-0080" num="0119">B) Electronic Pressure Switch: This element determines when to turn the compressor on or off to maintain the regulated air pressure in the primary tank. It is part of the compressor's air pressure control system (<b>27</b>).</p>
<p id="p-0081" num="0120">C) Electronic Regulator (<b>33</b>): Performs fine and dynamic adjustment of the regulated air compensating tank (<b>28</b>) pressure by controlling a 3-way solenoid valve with electronic regulation (<b>34</b>), which allows for increasing or decreasing the air pressure in the regulated air compensating tank (<b>28</b>), as well as sealing it to maintain constant pressure. The Electronic Regulator (<b>33</b>) is located after the Air Pressure Regulator (<b>25</b>) on the air channel (<b>27</b>) that connects the primary pressurized air tank (<b>24</b>) to the regulated air compensating tank (<b>28</b>).</p>
<p id="p-0082" num="0121">3) Processing Elements:</p>
<p id="p-0083" num="0122">A) Processing Unit with Integrated Vibration Sensor (<b>36</b>): Each seeding unit has its processing unit with built-in acceleration sensors. It reads the bellows pressure sensor (<b>35</b>), stores the obtained data, and communicates with the Main Control Unit (<b>37</b>) via the CAN communication network (<b>38</b>), sending the requested information.</p>
<p id="p-0084" num="0123">B) Main Control Unit (MCU) (<b>37</b>): Based on the values of the variables measured by the processing units with integrated vibration sensors (<b>36</b>), the analyses performed, and the system configurations provided by the user, the MCU makes decisions that execute commands on the specified Actuator Elements to adjust the system's operation. Additionally, it communicates via the CAN communication network (<b>38</b>) with a Human-Machine Interface (HMI) located on the tractor.</p>
<heading id="h-0010" level="1">Working Principle</heading>
<heading id="h-0011" level="1">Pneumatic Actuator With an Internal Guide (<b>11</b>)</heading>
<p id="p-0085" num="0124">The pneumatic actuator with an internal guide (<b>11</b>) is positioned within the deformable parallelogram (<b>21</b>) of each seeding unit or train at an adjustable angle of inclination between 10&#xb0; and 40&#xb0; relative to the vertical when the parallelogram's lower frame (<b>18</b>) and upper frame (<b>17</b>) are parallel to the ground. This configuration provides a second degree of adjustment freedom: as the inclination angle increases, the air pressure required to exert the same force on the ground decreases. It includes a lower fixing device (<b>14</b>) positioned at the base of the deformable parallelogram, secured with a lower fixing bolt (<b>15</b>) that holds the pneumatic actuator with an internal guide (<b>11</b>). Additionally, an upper fixing device (<b>12</b>) equipped with an upper fixing bolt (<b>13</b>) connects the pneumatic actuator with an internal guide (<b>11</b>) to the upper fixing device (<b>12</b>) through the rod with threaded ends (<b>1</b>). This design provides independent mobility with respect to the upper (<b>17</b>) and lower (<b>18</b>) parallelogram frames of the deformable parallelogram (<b>21</b>) and allows for the adjustment of the angle of attack. The pneumatic actuator with an internal guide (<b>11</b>), operating as described, enhances performance compared to a conventional spring by adding damping to the system. This is due to the structural characteristics of the pneumatic bellows (<b>10</b>) and the physical properties of air, reducing the magnitude of vibrations and/or shocks caused by terrain irregularities, resulting in better working conditions for the entire seeding system, regardless of its type. This ensures uniformity in seeding depth and seed distribution, as the metering devices perform better, and the seed falls with fewer rebounds in the seed tube. It also prevents over-compaction of the soil near the seed and reduces fatigue on all the mechanical components of the seeder. Furthermore, the internal guide system (<figref idref="DRAWINGS">FIG. <b>4</b></figref>), linked to the pneumatic bellows (<b>10</b>), allows it to operate at angles other than 0&#xb0; relative to the vertical without causing deformations in the bellows (<b>10</b>) itself. It also ensures that the direction of the applied force is parallel to the internal guide (<figref idref="DRAWINGS">FIGS. <b>7</b> and <b>8</b></figref>), making the pneumatic actuator with an internal guide (<b>11</b>) within the deformable parallelogram (<b>21</b>) more efficient. This maintains a constant load on the soil and allows the system to accurately follow the terrain, maximizing the effectiveness of seed placement at the same depth with optimal furrow conditions formed by the seeding body.</p>
<heading id="h-0012" level="1">Air Pressure Regulation System (<b>31</b>)</heading>
<p id="p-0086" num="0125">The air pressure regulator (<b>25</b>) allows the system's working pressure to be manually increased or decreased, with its setting visible on a pressure gauge (<b>26</b>). The air pressure regulation system is connected via an air channel (<b>27</b>) to the regulated pressurized air compensating tank (<b>28</b>), passing through an Electronic Regulator (<b>33</b>), which provides fine and dynamic adjustment of the working pressure, being part of the pressure regulation system device (<b>39</b>). The pneumatic actuators with an internal guide (<b>11</b>) are directly connected to the regulated pressurized air compensating tank (<b>28</b>) independently through air channels (<b>29</b>) to provide the same pressure to all pneumatic actuators with an internal guide (<b>11</b>), ensuring identical operating conditions for each seeding body.</p>
<heading id="h-0013" level="1">Function of the Compensating Tank (<b>28</b>)</heading>
<p id="p-0087" num="0126">The main purpose of the regulated pressurized air compensating tank (<b>28</b>) is to stabilize the air pressure in each of the pneumatic actuators with an internal guide (<b>11</b>) by providing direct and independent connections to each pneumatic actuator with an internal guide (<b>11</b>) and absorbing pressure variations caused by the dynamic movements of the devices during fieldwork. To achieve this, tests have determined that the volume of the regulated pressurized air compensating tank (<b>28</b>) must be at least twice the total volume of the pneumatic actuators with internal guide (<b>11</b>) connected through air channels (<b>29</b>) made of 12 mm diameter polyurethane tubes with suitable connectors. These channels allow sufficient airflow between each pneumatic actuator with an internal guide (<b>11</b>) and the regulated pressurized air compensating tank (<b>28</b>), thus absorbing pressure variations in each pneumatic actuator with internal guide (<b>11</b>) without significantly affecting the other actuators connected to the same tank. This ensures their independent operation, stabilizing the force exerted by the gauge wheel on the soil and reducing the amplitude of vibrations and shocks in each seeding unit or train independently. Additionally, it impacts the metering system mounted on each seeding body, improving its working conditions and ensuring accurate and uniform seeding depth at all times without causing over-compaction of the soil near the seed, which could negatively impact the seeding process.</p>
<heading id="h-0014" level="1">Tests Performed</heading>
<p id="p-0088" num="0127">A series of tests, described below, were proposed to demonstrate the system's behavior and characterize it under different working conditions.</p>
<heading id="h-0015" level="1">Test 1: Force Applied by the Gauge-Wheel</heading>
<heading id="h-0016" level="1">Objective</heading>
<p id="p-0089" num="0128">To obtain the variation in the force exerted by the gauge wheel at ground level with respect to the pneumatic pressure applied to the system and the angle of attack of the pneumatic actuator with an internal guide (<b>11</b>).</p>
<heading id="h-0017" level="1">Test Description</heading>
<p id="p-0090" num="0129">A single seeding body was mounted on a structure that acted as a support, keeping the body suspended but stable. A scale was placed at the bottom to support the gauge wheel, which allowed us to measure the force exerted by the body under different system conditions.</p>
<p id="p-0091" num="0130">Additionally, a pneumatic setup, matching the typical application characteristics mentioned in the current text, was assembled so that the conditions closely represented those the seeding body would encounter during nominal operation.</p>
<p id="p-0092" num="0131">First, the dead weight exerted by the body with the entire system mounted but without pneumatic pressure was measured as a baseline reference.</p>
<p id="p-0093" num="0132">Next, the pneumatic actuator with an internal guide (<b>11</b>) was positioned within the deformable parallelogram at a 15&#xb0; angle. The pneumatic pressure applied was varied in 7 PSI increments (equivalent to approximately 0.5 kg/cm<sup>2</sup>) while recording the force applied on the gauge wheels on the scale, starting from 0 PSI up to 49 PSI.</p>
<p id="p-0094" num="0133">Finally, the same test was repeated, but the position of the pneumatic actuator with an internal guide (<b>11</b>) was adjusted from 15&#xb0; to 18&#xb0; inclination relative to the vertical within the deformable parallelogram.</p>
<heading id="h-0018" level="1">Results Obtained</heading>
<p id="p-0095" num="0134">The following table shows the recorded values of pressure and scale weight for each test condition (see <figref idref="DRAWINGS">FIG. <b>18</b></figref>).</p>
<heading id="h-0019" level="1">Conclusions</heading>
<p id="p-0096" num="0135">1. It can be observed that the greater the angle at which the pneumatic actuator with an internal guide (<b>11</b>) is positioned relative to the vertical, the greater the average variation in the force applied to the gauge wheel, based on the system's pressure. At an angle of 15&#xb0;, the variation is 0.86 [kg/PSI], while at an angle of 18&#xb0;, it is 1.05 [kg/PSI] in this particular seeding unit.</p>
<p id="p-0097" num="0136">2. The system clearly does not exhibit linear behavior in terms of force variation on the gauge wheel with respect to pneumatic pressure. This emphasizes the need for an autonomous control system to monitor, record, and regulate the desired operating conditions to optimize sowing results.</p>
<heading id="h-0020" level="1">Test 2: Impact of the Compensating Tank on the System</heading>
<heading id="h-0021" level="1">Objective</heading>
<p id="p-0098" num="0137">To demonstrate the compensating tank's utility and impact by comparing the system's pressure variations when the pneumatic actuator moves from a fully open/extended position to a fully closed/contracted position and vice versa.</p>
<heading id="h-0022" level="1">Description of the Test</heading>
<p id="p-0099" num="0138">With the system assembled in the same manner as in Test 1, a series of measurements were taken to assess the pressure variations in the pneumatic actuator with an internal guide (<b>11</b>), first without the compensating tank connected and then with the compensating tank connected. The pneumatic system was adjusted to two different working pressures for each initial state of the actuator&#x2014;fully open/extended and fully closed/contracted&#x2014;before being moved to its opposite extreme position.</p>
<heading id="h-0023" level="1">Test Results</heading>
<p id="p-0100" num="0139">The following tables show the results obtained in the tests under the two previously mentioned conditions, with columns explained as follows:</p>
<p id="p-0101" num="0140">Initial Position of the actuator: Indicates whether the adjustment was made with the device.</p>
<p id="p-0102" num="0141">In an open/extended state (<figref idref="DRAWINGS">FIG. <b>7</b></figref>) or a closed/contracted state (<figref idref="DRAWINGS">FIG. <b>8</b></figref>).</p>
<p id="p-0103" num="0142">Initial measurement: Indicates the pneumatic pressure at which the system was set in its initial position [PSI] and the force applied at ground level measured on the gauge wheels [kg].</p>
<p id="p-0104" num="0143">Final measurement: Indicates the pneumatic pressure measured when the pneumatic actuator with an internal guide (<b>11</b>) reached its final position (open/extended or closed/contracted) [PSI] and the force applied at ground level measured on the gauge wheels [kg].</p>
<p id="p-0105" num="0144">Variation: This shows the calculation of pneumatic pressure variations in the system [PSI] and the force applied at ground level measured on the gauge wheels [kg], recorded in both working conditions of the pneumatic actuator with an internal guide (<b>11</b>), considering the final measurement minus the initial measurement.</p>
<p id="p-0106" num="0145">Test 1: Measurement WITHOUT the Compensating Tank Connected. See <figref idref="DRAWINGS">FIG. <b>18</b></figref>).</p>
<p id="p-0107" num="0146">Test 2: Measurement WITH the Compensating Tank Connected. See <figref idref="DRAWINGS">FIG. <b>18</b></figref>).</p>
<heading id="h-0024" level="1">Conclusions</heading>
<p id="p-0108" num="0147">1. In both initial conditions, the variation recorded in the pressure and force applied at ground level on the gauge wheels was significantly lower in the system with the compensating tank connected than when it was not connected.</p>
<p id="p-0109" num="0148">2. The pressure variation in the system without the compensating tank ranged from 10 to 12 PSI, while in the system with the compensating tank connected, it ranged from 2 to 4 PSI&#x2014;at least three times lower.</p>
<p id="p-0110" num="0149">3. The variation in force applied at ground level measured on the gauge wheels ranged from 7 kg to 12 kg, representing a 6% to 10% variation. In contrast, in the system with the compensating tank connected, the same force varied from 1 kg to 3 kg, representing a 1% to 2.6% variation, which is at least five times lower than the system without the compensating tank.</p>
<p id="p-0111" num="0150">4. These results confirm the importance and positive impact of the compensating tank in achieving the intended goal of stabilizing the pressure exerted by the gauge wheel on the ground.</p>
<p id="p-0112" num="0151">TEST 3: Field verification. (see <figref idref="DRAWINGS">FIG. <b>19</b></figref>)</p>
<heading id="h-0025" level="1">Objective</heading>
<p id="p-0113" num="0152">To verify the improvements in seeding conditions using the developed system through a real application, under nominal working conditions in the field, measuring seed emergence compared to a conventional spring-based system, exposing both systems to the same real working conditions.</p>
<heading id="h-0026" level="1">Description of the Test</heading>
<p id="p-0114" num="0153">The test was conducted using an Apache 27,000 seeder machine with 24 rows at 52 cm spacing, equipped with pneumatic metering devices and spring systems. Twelve of these were replaced with the developed pneumatic actuator with an internal guide (<b>11</b>), leaving half the machine equipped with each system to allow for comparisons under similar soil and weather conditions.</p>
<p id="p-0115" num="0154">The tests were conducted for planting corn and sunflower crops on worked fields and no-till fields, respectively. Additionally, the working pressure of the pneumatic system was varied in different areas of the field to verify the impact of this variable on the expected results. Independent professional agronomists performed measurements to ensure a thorough and objective evaluation.</p>
<heading id="h-0027" level="1">Results</heading>
<p id="p-0116" num="0155">The first observation after seeding, both in the worked field and the no-till field, was that the rows seeded with the pneumatic actuator with an internal guide (<b>11</b>) presented a well-formed ridge (the covered furrow left after seeding), whereas the rows seeded with the spring system exhibited a slight furrow opening. This difference contributed to two main aspects:</p>
<p id="p-0117" num="0156">1. Greater control of moisture loss in the seeding line.</p>
<p id="p-0118" num="0157">2. In the event of sudden pre-emergence rain, there is less chance of water accumulating, reducing the risk of waterlogging in the seeding line.</p>
<p id="p-0119" num="0158">Average measurements of emerged plants were obtained in the plots where sunflower was sown 15 days after the sowing date. See <figref idref="DRAWINGS">FIG. <b>19</b></figref>).</p>
<p id="p-0120" num="0159">Average measurements of emerged plants were obtained in the plots where corn was sown 10 days after the sowing date. See <figref idref="DRAWINGS">FIG. <b>19</b></figref>).</p>
<p id="p-0121" num="0160">In both cases, the rows sown with the pneumatic system had better seed distribution and uniform emergence.</p>
<heading id="h-0028" level="1">Conclusions</heading>
<p id="p-0122" num="0161">Based on the collected results, under nominal working conditions, simultaneously with the spring system intended to be replaced, the following conclusions can be drawn:</p>
<p id="p-0123" num="0162">1. For both corn and sunflower seeds, the system shows better seed distribution, as well as quantity and uniformity of emergence in the rows where the seeder is equipped with a pneumatic actuator with an internal guide (<b>11</b>).</p>
<p id="p-0124" num="0163">2. A different behavior was observed for each crop concerning the applied pneumatic pressure. In worked fields sown with corn, the best results were achieved with higher pneumatic working pressure, while in no-till fields sown with sunflower, the results were exactly the opposite.</p>
<p id="p-0125" num="0164">3. The results confirm that the developed pneumatic actuator with an internal guide (<b>11</b>) represents a substantial improvement compared to the conventional spring system. Additionally, the ability to adjust the working pressure more precisely than with the spring system allows for optimizing seeding quality depending on the crop and soil type being worked. See <figref idref="DRAWINGS">FIG. <b>19</b></figref>.</p>
<?detailed-description description="Detailed Description" end="tail"?>
</description>
<us-claim-statement>Having thus specifically described and defined the nature of the present invention and the way it is to be implemented, the following is claimed as exclusive property and right:</us-claim-statement>
<claims id="claims">
<claim id="CLM-00001" num="00001">
<claim-text><b>1</b>. A seeding machine comprising a structural frame (<b>30</b>), wherein at least one deformable parallelogram (<b>21</b>) is connected to a lateral side through a coupling plate (<b>40</b>) belonging to a seeding body;
<claim-text>at least one air channel (<b>29</b>) connected at first end to a regulated pressurized air compensating tank (<b>28</b>) and at a distal end to a pneumatic actuator with an internal guide (<b>11</b>), integrally arranged through a set of fastening devices and positioned within at least one deformable parallelogram (<b>21</b>);</claim-text>
<claim-text>wherein the pneumatic actuator with an internal guide (<b>11</b>) is operatively connected to an air pressure regulation system (<b>31</b>) controlled by a control and monitoring system (<b>39</b>).</claim-text>
</claim-text>
</claim>
<claim id="CLM-00002" num="00002">
<claim-text><b>2</b>. The seeding machine, according to <claim-ref idref="CLM-00001">claim 1</claim-ref>, wherein the pneumatic actuator (<b>11</b>) comprises a rod with threaded ends (<b>1</b>), with a bushing and thread at one end and a piston with perforations (<b>2</b>) at a distal end, which is linked to a cylinder cap (<b>3</b>) and a cylinder cap bushing (<b>4</b>) housed within a guide cylinder (<b>5</b>). The guide cylinder is integrally connected at one end through a set of components including a fixing plate (<b>6</b>), a lower cylinder reinforcement (<b>7</b>), a blind cap (<b>8</b>), and a fixing bushing (<b>9</b>).</claim-text>
</claim>
<claim id="CLM-00003" num="00003">
<claim-text><b>3</b>. The seeding machine, according to <claim-ref idref="CLM-00001">claim 1</claim-ref>, wherein the air pressure regulation system (<b>31</b>) includes an air compressor (<b>23</b>) associated with a primary pressurized air tank (<b>24</b>) linked to an air pressure regulator (<b>25</b>) and a pressure gauge (<b>26</b>). The aforementioned primary pressurized air tank (<b>24</b>) is connected via an air channel (<b>27</b>) to a regulated pressurized air compensating tank (<b>28</b>), which, in turn, is connected via an air channel (<b>29</b>) to a pneumatic actuator with an internal guide (<b>11</b>).</claim-text>
</claim>
<claim id="CLM-00004" num="00004">
<claim-text><b>4</b>. The seeding machine, according to <claim-ref idref="CLM-00001">claim 1</claim-ref>, wherein the control and monitoring system (<b>39</b>) includes an electronic regulator (<b>33</b>) associated with the air pressure regulator (<b>25</b>), connected to a 3-way electronically regulated solenoid valve (<b>34</b>), linked to a compensating tank pressure sensor (<b>32</b>), which, in turn, is connected to a bellows pressure sensor (<b>35</b>), associated with a processing unit with an integrated vibration sensor (<b>36</b>), all connected to a main control unit (<b>37</b>) through a CAN communication network (<b>38</b>).</claim-text>
</claim>
<claim id="CLM-00005" num="00005">
<claim-text><b>5</b>. The seeding machine, according to <claim-ref idref="CLM-00001">claim 1</claim-ref>, wherein the pneumatic actuator with an internal guide (<b>11</b>) is associated with an upper cap (<b>16</b>) with a central hole and to a lower base (<b>22</b>) of the bellows via flanges.</claim-text>
</claim>
<claim id="CLM-00006" num="00006">
<claim-text><b>6</b>. The seeding machine, according to <claim-ref idref="CLM-00001">claim 1</claim-ref>, wherein the pneumatic actuator with an internal guide (<b>11</b>) is mechanically connected at its upper end to an upper frame (<b>17</b>) of the deformable parallelogram (<b>21</b>) through a set of devices that includes: an upper fixing device (<b>12</b>) and the upper fixing bolt (<b>13</b>), and at its lower end, it is connected to a lower frame (<b>18</b>) of the parallelogram (<b>21</b>) through the lower fixing device (<b>14</b>), and the lower fixing bolt (<b>15</b>).</claim-text>
</claim>
<claim id="CLM-00007" num="00007">
<claim-text><b>7</b>. The seeding machine: according to <claim-ref idref="CLM-00001">claim 1</claim-ref>, wherein the position of the pneumatic actuator with an internal guide (<b>11</b>) within the deformable parallelogram (<b>21</b>) of each seeding body is at an angle &#xdf;: ranging from 10&#xb0; to 40&#xb0; with respect to a representative vertical axis (Y-Y).</claim-text>
</claim>
<claim id="CLM-00008" num="00008">
<claim-text><b>8</b>. The seeding machine, according to <claim-ref idref="CLM-00001">claim 1</claim-ref>, wherein the processing unit with a built-in vibration sensor (<b>36</b>) is connected to the movable front of the parallelogram (<b>20</b>) and, in turn, is linked to the bellows pressure sensor (<b>35</b>), the compensating tank pressure sensor (<b>32</b>), and the main control unit (<b>37</b>) through the CAN communication network (<b>38</b>).</claim-text>
</claim>
<claim id="CLM-00009" num="00009">
<claim-text><b>9</b>. The seeding machine, according to <claim-ref idref="CLM-00001">claim 1</claim-ref>, wherein the main control unit (<b>37</b>) is connected to the regulated pressurized air compensating tank (<b>28</b>), which is supported by the structural frame of the seeder (<b>30</b>) through the fixing plate (<b>40</b>).</claim-text>
</claim>
</claims>
</us-patent-application>
